title,avg_time,num_calls
Home page,13.23594199999934,4
Browse page,5.063540000002831,9
Average summary page (sample 10),15.409023199992953,5
Average classes page (sample 10),23.33108689999208,12
