title,avg_time,num_calls
Home page,109.788796000008,11
Browse page,34.78013699996518,9
Average summary page (sample 10),6.198497400007909,4
Average classes page (sample 10),11.777225400001043,9
