title,avg_time,num_calls
Home page,1.696710999996867,10
Browse page,2.7560669999802485,9
Average summary page (sample 10),7.847122000006493,7
Average classes page (sample 10),8.39477130000596,10
