title,avg_time,num_calls
Home page,4.8297659999807365,10
Browse page,3.6368469999870285,9
Average summary page (sample 10),9.603646800009301,5
Average classes page (sample 10),9.896519800007809,12
