title,avg_time,num_calls
Home page,4.267969000036828,11
Browse page,20.188381000014488,9
Average summary page (sample 10),9.701297900016652,7
Average classes page (sample 10),25.17019510000828,11
