title,avg_time,num_calls
Home page,1.7960210000164807,10
Browse page,1.8368890000274405,9
Average summary page (sample 10),6.945478700002423,8
Average classes page (sample 10),7.583665000007022,10
