title,avg_time,num_calls
Home page,8.204408999998122,13
Browse page,3.6714759999886155,9
Average summary page (10 ontologies),13.651290500012692,7
Average summary page (10 ontologies),21.730277199996635,10
