title,avg_time,num_calls
Home page,2.455755000002682,10
Browse page,3.7929159999475814,9
Average summary page (sample 10),7.904599299997789,4
Average classes page (sample 10),26.07568040000624,12
