title,avg_time,num_calls
Home page,9.708897000004072,4
Browse page,2.3912600000039674,9
Average summary page (sample 10),11.472634499985725,3
Average classes page (sample 10),12.534672599990154,6
